metric,display_name,better,meaning
eval_return,Eval Return,higher,Convergence and final task utility.
mean_tracking_error,Mean Tracking Error,lower,Main target-tracking accuracy metric.
tail_mean_target_distance,Tail Mean Target Distance,lower,Steady-state AUV-target distance in the final eval tail.
mean_target_lost,Target Lost Rate,lower,Reliability of continuous target observation.
mean_action_saturation_rate,Action Saturation Rate,lower,Whether the controller relies on saturated actions.
mean_control_cost,Control Cost,lower,Control smoothness/energy regularization.
mean_tracking_reward,Tracking Reward,higher,Whether reward is dominated by useful tracking progress.
mean_observation_reward,Observation Reward,higher,Whether target observation quality improves.
mean_semantic_reward,Semantic Reward,higher,Whether semantic phase/task-graph shaping contributes.
